{
  "events":[
    {
      "id":5,
      "name":"Primeira Vez",
      "x":33.5,
      "y":23.5,
      "states":[
        {
          "conditions":[
            
          ],
          "height":0,
          "affixDirection":false,
          "trigger":1,
          "animationType":0,
          "runOnceThenIncrementState":true,
          "cmds":[
            {
              "jsonClass":"ShowText",
              "lines":[
                "Antes ele do que eu."
              ],
              "useCharacterFace":true,
              "characterId":0
            },
            {
              "jsonClass":"GetChoice",
              "question":[
                "Roubar pertences do defunto?"
              ],
              "choices":[
                "Sim",
                "Não"
              ],
              "allowCancel":false,
              "innerCmds":[
                [
                  {
                    "jsonClass":"ShowText",
                    "lines":[
                      "Você conseguiu um OSSO!"
                    ],
                    "useCharacterFace":false,
                    "characterId":0
                  },
                  {
                    "jsonClass":"ShowText",
                    "lines":[
                      "O que mais você esperava?"
                    ],
                    "useCharacterFace":false,
                    "characterId":0
                  },
                  {
                    "jsonClass":"AddRemoveItem",
                    "add":true,
                    "itemId":{
                      "jsonClass":"IntParameter",
                      "constant":32,
                      "valueTypeId":0,
                      "localVariable":"",
                      "globalVariable":""
                    },
                    "quantity":{
                      "jsonClass":"IntParameter",
                      "constant":1,
                      "valueTypeId":0,
                      "localVariable":"",
                      "globalVariable":""
                    }
                  }
                ],
                [
                  {
                    "jsonClass":"ShowText",
                    "lines":[
                      "Eu respeito sua decisão."
                    ],
                    "useCharacterFace":false,
                    "characterId":0
                  }
                ],
                [
                  
                ]
              ],
              "useCharacterFace":false,
              "characterId":0
            }
          ]
        },
        {
          "conditions":[
            
          ],
          "height":0,
          "affixDirection":false,
          "trigger":1,
          "animationType":0,
          "runOnceThenIncrementState":false,
          "cmds":[
            {
              "jsonClass":"ShowText",
              "lines":[
                "Antes ele do que eu."
              ],
              "useCharacterFace":true,
              "characterId":0
            }
          ]
        }
      ],
      "eventClassId":-1,
      "params":[
        
      ]
    },
    {
      "id":10,
      "name":"Event00007",
      "x":13.5,
      "y":0.5,
      "states":[
        {
          "conditions":[
            
          ],
          "height":0,
          "affixDirection":false,
          "trigger":2,
          "animationType":0,
          "runOnceThenIncrementState":false,
          "cmds":[
            {
              "jsonClass":"Teleport",
              "loc":{
                "map":"Map000002.rpgmap",
                "x":20.5,
                "y":58.5
              },
              "transitionId":1
            }
          ]
        }
      ],
      "eventClassId":-1,
      "params":[
        
      ]
    },
    {
      "id":24,
      "name":"Event00007",
      "x":27.5,
      "y":0.5,
      "states":[
        {
          "conditions":[
            
          ],
          "height":0,
          "affixDirection":false,
          "trigger":2,
          "animationType":0,
          "runOnceThenIncrementState":false,
          "cmds":[
            {
              "jsonClass":"Teleport",
              "loc":{
                "map":"Map000002.rpgmap",
                "x":20.5,
                "y":58.5
              },
              "transitionId":1
            }
          ]
        }
      ],
      "eventClassId":-1,
      "params":[
        
      ]
    },
    {
      "id":25,
      "name":"Event00007",
      "x":28.5,
      "y":0.5,
      "states":[
        {
          "conditions":[
            
          ],
          "height":0,
          "affixDirection":false,
          "trigger":2,
          "animationType":0,
          "runOnceThenIncrementState":false,
          "cmds":[
            {
              "jsonClass":"Teleport",
              "loc":{
                "map":"Map000002.rpgmap",
                "x":20.5,
                "y":58.5
              },
              "transitionId":1
            }
          ]
        }
      ],
      "eventClassId":-1,
      "params":[
        
      ]
    },
    {
      "id":14,
      "name":"Event00007",
      "x":17.5,
      "y":0.5,
      "states":[
        {
          "conditions":[
            
          ],
          "height":0,
          "affixDirection":false,
          "trigger":2,
          "animationType":0,
          "runOnceThenIncrementState":false,
          "cmds":[
            {
              "jsonClass":"Teleport",
              "loc":{
                "map":"Map000002.rpgmap",
                "x":20.5,
                "y":58.5
              },
              "transitionId":1
            }
          ]
        }
      ],
      "eventClassId":-1,
      "params":[
        
      ]
    },
    {
      "id":20,
      "name":"Event00007",
      "x":23.5,
      "y":0.5,
      "states":[
        {
          "conditions":[
            
          ],
          "height":0,
          "affixDirection":false,
          "trigger":2,
          "animationType":0,
          "runOnceThenIncrementState":false,
          "cmds":[
            {
              "jsonClass":"Teleport",
              "loc":{
                "map":"Map000002.rpgmap",
                "x":20.5,
                "y":58.5
              },
              "transitionId":1
            }
          ]
        }
      ],
      "eventClassId":-1,
      "params":[
        
      ]
    },
    {
      "id":28,
      "name":"Event00006",
      "x":17.5,
      "y":23.5,
      "states":[
        {
          "conditions":[
            
          ],
          "height":0,
          "affixDirection":false,
          "trigger":1,
          "animationType":0,
          "runOnceThenIncrementState":false,
          "cmds":[
            {
              "jsonClass":"PlaySound",
              "spec":{
                "sound":"sys/opengameart-rpg-sound-pack/NPC/beetle/bite-small2.ogg",
                "volume":1.0,
                "pitch":1.0
              }
            },
            {
              "jsonClass":"ShakeScreen",
              "xAmplitude":{
                "jsonClass":"FloatParameter",
                "constant":20.0,
                "valueTypeId":0,
                "localVariable":""
              },
              "yAmplitude":{
                "jsonClass":"FloatParameter",
                "constant":4.0,
                "valueTypeId":0,
                "localVariable":""
              },
              "frequency":{
                "jsonClass":"FloatParameter",
                "constant":4.0,
                "valueTypeId":0,
                "localVariable":""
              },
              "duration":{
                "jsonClass":"FloatParameter",
                "constant":0.5,
                "valueTypeId":0,
                "localVariable":""
              }
            },
            {
              "jsonClass":"ShowText",
              "lines":[
                "Aí!"
              ],
              "useCharacterFace":true,
              "characterId":0
            }
          ]
        }
      ],
      "eventClassId":-1,
      "params":[
        
      ]
    },
    {
      "id":21,
      "name":"Event00007",
      "x":24.5,
      "y":0.5,
      "states":[
        {
          "conditions":[
            
          ],
          "height":0,
          "affixDirection":false,
          "trigger":2,
          "animationType":0,
          "runOnceThenIncrementState":false,
          "cmds":[
            {
              "jsonClass":"Teleport",
              "loc":{
                "map":"Map000002.rpgmap",
                "x":20.5,
                "y":58.5
              },
              "transitionId":1
            }
          ]
        }
      ],
      "eventClassId":-1,
      "params":[
        
      ]
    },
    {
      "id":9,
      "name":"Event00007",
      "x":14.5,
      "y":0.5,
      "states":[
        {
          "conditions":[
            
          ],
          "height":0,
          "affixDirection":false,
          "trigger":2,
          "animationType":0,
          "runOnceThenIncrementState":false,
          "cmds":[
            {
              "jsonClass":"Teleport",
              "loc":{
                "map":"Map000002.rpgmap",
                "x":20.5,
                "y":58.5
              },
              "transitionId":1
            }
          ]
        }
      ],
      "eventClassId":-1,
      "params":[
        
      ]
    },
    {
      "id":13,
      "name":"Event00007",
      "x":16.5,
      "y":0.5,
      "states":[
        {
          "conditions":[
            
          ],
          "height":0,
          "affixDirection":false,
          "trigger":2,
          "animationType":0,
          "runOnceThenIncrementState":false,
          "cmds":[
            {
              "jsonClass":"Teleport",
              "loc":{
                "map":"Map000002.rpgmap",
                "x":20.5,
                "y":58.5
              },
              "transitionId":1
            }
          ]
        }
      ],
      "eventClassId":-1,
      "params":[
        
      ]
    },
    {
      "id":17,
      "name":"Event00007",
      "x":21.5,
      "y":0.5,
      "states":[
        {
          "conditions":[
            
          ],
          "height":0,
          "affixDirection":false,
          "trigger":2,
          "animationType":0,
          "runOnceThenIncrementState":false,
          "cmds":[
            {
              "jsonClass":"Teleport",
              "loc":{
                "map":"Map000002.rpgmap",
                "x":20.5,
                "y":58.5
              },
              "transitionId":1
            }
          ]
        }
      ],
      "eventClassId":-1,
      "params":[
        
      ]
    },
    {
      "id":22,
      "name":"Event00007",
      "x":25.5,
      "y":0.5,
      "states":[
        {
          "conditions":[
            
          ],
          "height":0,
          "affixDirection":false,
          "trigger":2,
          "animationType":0,
          "runOnceThenIncrementState":false,
          "cmds":[
            {
              "jsonClass":"Teleport",
              "loc":{
                "map":"Map000002.rpgmap",
                "x":20.5,
                "y":58.5
              },
              "transitionId":1
            }
          ]
        }
      ],
      "eventClassId":-1,
      "params":[
        
      ]
    },
    {
      "id":12,
      "name":"Event00007",
      "x":15.5,
      "y":0.5,
      "states":[
        {
          "conditions":[
            
          ],
          "height":0,
          "affixDirection":false,
          "trigger":2,
          "animationType":0,
          "runOnceThenIncrementState":false,
          "cmds":[
            {
              "jsonClass":"Teleport",
              "loc":{
                "map":"Map000002.rpgmap",
                "x":20.5,
                "y":58.5
              },
              "transitionId":1
            }
          ]
        }
      ],
      "eventClassId":-1,
      "params":[
        
      ]
    },
    {
      "id":7,
      "name":"Event00006",
      "x":26.5,
      "y":20.5,
      "states":[
        {
          "conditions":[
            
          ],
          "height":0,
          "affixDirection":false,
          "trigger":1,
          "animationType":0,
          "runOnceThenIncrementState":false,
          "cmds":[
            {
              "jsonClass":"PlaySound",
              "spec":{
                "sound":"sys/opengameart-rpg-sound-pack/NPC/beetle/bite-small2.ogg",
                "volume":1.0,
                "pitch":1.0
              }
            },
            {
              "jsonClass":"ShakeScreen",
              "xAmplitude":{
                "jsonClass":"FloatParameter",
                "constant":20.0,
                "valueTypeId":0,
                "localVariable":""
              },
              "yAmplitude":{
                "jsonClass":"FloatParameter",
                "constant":4.0,
                "valueTypeId":0,
                "localVariable":""
              },
              "frequency":{
                "jsonClass":"FloatParameter",
                "constant":4.0,
                "valueTypeId":0,
                "localVariable":""
              },
              "duration":{
                "jsonClass":"FloatParameter",
                "constant":0.5,
                "valueTypeId":0,
                "localVariable":""
              }
            },
            {
              "jsonClass":"ShowText",
              "lines":[
                "Aí!"
              ],
              "useCharacterFace":true,
              "characterId":0
            },
            {
              "jsonClass":"AddRemoveItem",
              "add":true,
              "itemId":{
                "jsonClass":"IntParameter",
                "constant":35,
                "valueTypeId":0,
                "localVariable":"",
                "globalVariable":""
              },
              "quantity":{
                "jsonClass":"IntParameter",
                "constant":1,
                "valueTypeId":0,
                "localVariable":"",
                "globalVariable":""
              }
            },
            {
              "jsonClass":"EquipItem",
              "characterId":{
                "jsonClass":"IntParameter",
                "constant":0,
                "valueTypeId":0,
                "localVariable":"",
                "globalVariable":""
              },
              "slotId":{
                "jsonClass":"IntParameter",
                "constant":0,
                "valueTypeId":0,
                "localVariable":"",
                "globalVariable":""
              },
              "itemId":{
                "jsonClass":"IntParameter",
                "constant":35,
                "valueTypeId":0,
                "localVariable":"",
                "globalVariable":""
              },
              "equip":true
            },
            {
              "jsonClass":"ShowText",
              "lines":[
                "Você conseguiu um Espinho de cacto!"
              ],
              "useCharacterFace":false,
              "characterId":0
            }
          ]
        }
      ],
      "eventClassId":-1,
      "params":[
        
      ]
    },
    {
      "id":18,
      "name":"Event00007",
      "x":20.5,
      "y":0.5,
      "states":[
        {
          "conditions":[
            
          ],
          "height":0,
          "affixDirection":false,
          "trigger":2,
          "animationType":0,
          "runOnceThenIncrementState":false,
          "cmds":[
            {
              "jsonClass":"Teleport",
              "loc":{
                "map":"Map000002.rpgmap",
                "x":20.5,
                "y":58.5
              },
              "transitionId":1
            }
          ]
        }
      ],
      "eventClassId":-1,
      "params":[
        
      ]
    },
    {
      "id":16,
      "name":"Event00007",
      "x":19.5,
      "y":0.5,
      "states":[
        {
          "conditions":[
            
          ],
          "height":0,
          "affixDirection":false,
          "trigger":2,
          "animationType":0,
          "runOnceThenIncrementState":false,
          "cmds":[
            {
              "jsonClass":"Teleport",
              "loc":{
                "map":"Map000002.rpgmap",
                "x":20.5,
                "y":58.5
              },
              "transitionId":1
            }
          ]
        }
      ],
      "eventClassId":-1,
      "params":[
        
      ]
    },
    {
      "id":11,
      "name":"Event00007",
      "x":12.5,
      "y":0.5,
      "states":[
        {
          "conditions":[
            
          ],
          "height":0,
          "affixDirection":false,
          "trigger":2,
          "animationType":0,
          "runOnceThenIncrementState":false,
          "cmds":[
            {
              "jsonClass":"Teleport",
              "loc":{
                "map":"Map000002.rpgmap",
                "x":20.5,
                "y":58.5
              },
              "transitionId":1
            }
          ]
        }
      ],
      "eventClassId":-1,
      "params":[
        
      ]
    },
    {
      "id":26,
      "name":"Event00007",
      "x":29.5,
      "y":0.5,
      "states":[
        {
          "conditions":[
            
          ],
          "height":0,
          "affixDirection":false,
          "trigger":2,
          "animationType":0,
          "runOnceThenIncrementState":false,
          "cmds":[
            {
              "jsonClass":"Teleport",
              "loc":{
                "map":"Map000002.rpgmap",
                "x":20.5,
                "y":58.5
              },
              "transitionId":1
            }
          ]
        }
      ],
      "eventClassId":-1,
      "params":[
        
      ]
    },
    {
      "id":23,
      "name":"Event00007",
      "x":26.5,
      "y":0.5,
      "states":[
        {
          "conditions":[
            
          ],
          "height":0,
          "affixDirection":false,
          "trigger":2,
          "animationType":0,
          "runOnceThenIncrementState":false,
          "cmds":[
            {
              "jsonClass":"Teleport",
              "loc":{
                "map":"Map000002.rpgmap",
                "x":20.5,
                "y":58.5
              },
              "transitionId":1
            }
          ]
        }
      ],
      "eventClassId":-1,
      "params":[
        
      ]
    },
    {
      "id":8,
      "name":"Event00006",
      "x":6.5,
      "y":18.5,
      "states":[
        {
          "conditions":[
            
          ],
          "height":0,
          "affixDirection":false,
          "trigger":1,
          "animationType":0,
          "runOnceThenIncrementState":false,
          "cmds":[
            {
              "jsonClass":"PlaySound",
              "spec":{
                "sound":"sys/opengameart-rpg-sound-pack/NPC/beetle/bite-small2.ogg",
                "volume":1.0,
                "pitch":1.0
              }
            },
            {
              "jsonClass":"ShakeScreen",
              "xAmplitude":{
                "jsonClass":"FloatParameter",
                "constant":20.0,
                "valueTypeId":0,
                "localVariable":""
              },
              "yAmplitude":{
                "jsonClass":"FloatParameter",
                "constant":4.0,
                "valueTypeId":0,
                "localVariable":""
              },
              "frequency":{
                "jsonClass":"FloatParameter",
                "constant":4.0,
                "valueTypeId":0,
                "localVariable":""
              },
              "duration":{
                "jsonClass":"FloatParameter",
                "constant":0.5,
                "valueTypeId":0,
                "localVariable":""
              }
            },
            {
              "jsonClass":"ShowText",
              "lines":[
                "Aí!"
              ],
              "useCharacterFace":true,
              "characterId":0
            }
          ]
        }
      ],
      "eventClassId":-1,
      "params":[
        
      ]
    },
    {
      "id":19,
      "name":"Event00007",
      "x":22.5,
      "y":0.5,
      "states":[
        {
          "conditions":[
            
          ],
          "height":0,
          "affixDirection":false,
          "trigger":2,
          "animationType":0,
          "runOnceThenIncrementState":false,
          "cmds":[
            {
              "jsonClass":"Teleport",
              "loc":{
                "map":"Map000002.rpgmap",
                "x":20.5,
                "y":58.5
              },
              "transitionId":1
            }
          ]
        }
      ],
      "eventClassId":-1,
      "params":[
        
      ]
    },
    {
      "id":4,
      "name":"Event00004",
      "x":14.5,
      "y":3.5,
      "states":[
        {
          "conditions":[
            
          ],
          "height":0,
          "affixDirection":false,
          "trigger":1,
          "animationType":0,
          "runOnceThenIncrementState":true,
          "cmds":[
            {
              "jsonClass":"ShowText",
              "lines":[
                "Está escrito: \"Bem-vindo a nossa vila!\""
              ],
              "useCharacterFace":false,
              "characterId":0
            },
            {
              "jsonClass":"ShowText",
              "lines":[
                "Parece que eles não tiveram criatividade suficiente pra dar um nome pra vila..."
              ],
              "useCharacterFace":true,
              "characterId":0
            }
          ]
        },
        {
          "conditions":[
            
          ],
          "height":0,
          "affixDirection":false,
          "trigger":1,
          "animationType":0,
          "runOnceThenIncrementState":false,
          "cmds":[
            {
              "jsonClass":"ShowText",
              "lines":[
                "Nem é tão dificil nomear uma vila..."
              ],
              "useCharacterFace":true,
              "characterId":0
            },
            {
              "jsonClass":"ShowText",
              "lines":[
                "Né?"
              ],
              "useCharacterFace":true,
              "characterId":0
            }
          ]
        }
      ],
      "eventClassId":-1,
      "params":[
        
      ]
    },
    {
      "id":15,
      "name":"Event00007",
      "x":18.5,
      "y":0.5,
      "states":[
        {
          "conditions":[
            
          ],
          "height":0,
          "affixDirection":false,
          "trigger":2,
          "animationType":0,
          "runOnceThenIncrementState":false,
          "cmds":[
            {
              "jsonClass":"Teleport",
              "loc":{
                "map":"Map000002.rpgmap",
                "x":20.5,
                "y":58.5
              },
              "transitionId":1
            }
          ]
        }
      ],
      "eventClassId":-1,
      "params":[
        
      ]
    }
  ]
}