{
  "events":[
    {
      "id":5,
      "name":"Event00005",
      "x":17.5,
      "y":12.5,
      "states":[
        {
          "conditions":[
            
          ],
          "height":0,
          "affixDirection":false,
          "trigger":1,
          "animationType":0,
          "runOnceThenIncrementState":false,
          "cmds":[
            {
              "jsonClass":"ShowText",
              "lines":[
                "O barril chera a alcool, mas tá vazio."
              ],
              "useCharacterFace":true,
              "characterId":0
            }
          ]
        }
      ],
      "eventClassId":-1,
      "params":[
        
      ]
    },
    {
      "id":10,
      "name":"Event00010",
      "x":17.5,
      "y":5.5,
      "states":[
        {
          "conditions":[
            
          ],
          "height":0,
          "affixDirection":false,
          "trigger":1,
          "animationType":0,
          "runOnceThenIncrementState":true,
          "cmds":[
            {
              "jsonClass":"ShowText",
              "lines":[
                "Tem um pato escondido aqui atrás."
              ],
              "useCharacterFace":true,
              "characterId":0
            }
          ]
        },
        {
          "conditions":[
            
          ],
          "height":0,
          "affixDirection":false,
          "trigger":1,
          "animationType":0,
          "runOnceThenIncrementState":false,
          "cmds":[
            {
              "jsonClass":"ShowText",
              "lines":[
                "Quack!"
              ],
              "useCharacterFace":false,
              "characterId":0
            },
            {
              "jsonClass":"IfCondition",
              "conditions":[
                {
                  "conditionTypeId":2,
                  "intValue1":{
                    "jsonClass":"IntParameter",
                    "constant":33,
                    "valueTypeId":0,
                    "localVariable":"",
                    "globalVariable":""
                  },
                  "intValue2":{
                    "jsonClass":"IntParameter",
                    "constant":1,
                    "valueTypeId":0,
                    "localVariable":"",
                    "globalVariable":""
                  },
                  "operatorId":0,
                  "negate":false
                }
              ],
              "elseBranch":true,
              "trueCmds":[
                
              ],
              "elseCmds":[
                {
                  "jsonClass":"AddRemoveItem",
                  "add":true,
                  "itemId":{
                    "jsonClass":"IntParameter",
                    "constant":33,
                    "valueTypeId":0,
                    "localVariable":"",
                    "globalVariable":""
                  },
                  "quantity":{
                    "jsonClass":"IntParameter",
                    "constant":1,
                    "valueTypeId":0,
                    "localVariable":"",
                    "globalVariable":""
                  }
                },
                {
                  "jsonClass":"ShowText",
                  "lines":[
                    "Você conseguiu uma *pena de pato* !"
                  ],
                  "useCharacterFace":false,
                  "characterId":0
                }
              ]
            }
          ]
        }
      ],
      "eventClassId":-1,
      "params":[
        
      ]
    },
    {
      "id":14,
      "name":"Event00014",
      "x":17.5,
      "y":8.5,
      "states":[
        {
          "conditions":[
            
          ],
          "height":0,
          "affixDirection":false,
          "trigger":1,
          "animationType":0,
          "runOnceThenIncrementState":true,
          "cmds":[
            {
              "jsonClass":"ShowText",
              "lines":[
                "Por mais que seja um baú, você nota que não é possível abri-lo."
              ],
              "useCharacterFace":false,
              "characterId":0
            },
            {
              "jsonClass":"ShowText",
              "lines":[
                "Hmm, parece que ele tinha que ocupar o vazio da casa com alguma coisa."
              ],
              "useCharacterFace":true,
              "characterId":0
            }
          ]
        },
        {
          "conditions":[
            
          ],
          "height":0,
          "affixDirection":false,
          "trigger":1,
          "animationType":0,
          "runOnceThenIncrementState":false,
          "cmds":[
            {
              "jsonClass":"ShowText",
              "lines":[
                "Baú meramente decorativo."
              ],
              "useCharacterFace":false,
              "characterId":0
            }
          ]
        }
      ],
      "eventClassId":-1,
      "params":[
        
      ]
    },
    {
      "id":1,
      "name":"npc bebado",
      "x":9.5,
      "y":6.5,
      "states":[
        {
          "conditions":[
            
          ],
          "sprite":{
            "name":"sys/vx_chara03_f.png",
            "spriteIndex":0,
            "dir":0,
            "step":1
          },
          "height":1,
          "affixDirection":false,
          "trigger":1,
          "animationType":2,
          "runOnceThenIncrementState":true,
          "cmds":[
            {
              "jsonClass":"ShowText",
              "lines":[
                "??????????????"
              ],
              "useCharacterFace":false,
              "characterId":0
            },
            {
              "jsonClass":"ShowText",
              "lines":[
                "QUE QUE CÊ TÁ FAZENDO NA MINHA CASA?"
              ],
              "useCharacterFace":false,
              "characterId":0
            },
            {
              "jsonClass":"ShowText",
              "lines":[
                "É... eu..."
              ],
              "useCharacterFace":true,
              "characterId":0
            },
            {
              "jsonClass":"ShowText",
              "lines":[
                "VIRA ESSA BOCA PRA LÁ, TAMO DE QUARENTENA"
              ],
              "useCharacterFace":false,
              "characterId":0
            },
            {
              "jsonClass":"ShowText",
              "lines":[
                "Bem..."
              ],
              "useCharacterFace":true,
              "characterId":0
            },
            {
              "jsonClass":"ShowText",
              "lines":[
                "VAZA BICHO"
              ],
              "useCharacterFace":false,
              "characterId":0
            }
          ]
        },
        {
          "conditions":[
            
          ],
          "sprite":{
            "name":"sys/vx_chara03_f.png",
            "spriteIndex":0,
            "dir":0,
            "step":1
          },
          "height":1,
          "affixDirection":false,
          "trigger":1,
          "animationType":0,
          "runOnceThenIncrementState":true,
          "cmds":[
            {
              "jsonClass":"ShowText",
              "lines":[
                "Meu deus do céu, tua mãe não te deu educação não, foi?"
              ],
              "useCharacterFace":false,
              "characterId":0
            },
            {
              "jsonClass":"ShowText",
              "lines":[
                "Eu trouxe algo."
              ],
              "useCharacterFace":true,
              "characterId":0
            },
            {
              "jsonClass":"ShowText",
              "lines":[
                "Ok, eu estou ouvindo."
              ],
              "useCharacterFace":false,
              "characterId":0
            },
            {
              "jsonClass":"IfCondition",
              "conditions":[
                {
                  "conditionTypeId":2,
                  "intValue1":{
                    "jsonClass":"IntParameter",
                    "constant":36,
                    "valueTypeId":0,
                    "localVariable":"",
                    "globalVariable":""
                  },
                  "intValue2":{
                    "jsonClass":"IntParameter",
                    "constant":1,
                    "valueTypeId":0,
                    "localVariable":"",
                    "globalVariable":""
                  },
                  "operatorId":0,
                  "negate":false
                }
              ],
              "elseBranch":true,
              "trueCmds":[
                {
                  "jsonClass":"GetChoice",
                  "question":[
                    "Então... Eu tenho esse vinho aqui e..."
                  ],
                  "choices":[
                    "a gente podia dividir",
                    "pode ficar pra você"
                  ],
                  "allowCancel":false,
                  "innerCmds":[
                    [
                      {
                        "jsonClass":"ShowText",
                        "lines":[
                          "Dividir?"
                        ],
                        "useCharacterFace":false,
                        "characterId":0
                      },
                      {
                        "jsonClass":"ShowText",
                        "lines":[
                          "KKKKKKKKKK tá bom que eu vou dividir vinho."
                        ],
                        "useCharacterFace":false,
                        "characterId":0
                      },
                      {
                        "jsonClass":"ShowText",
                        "lines":[
                          "Se você não quer me dar o vinho, eu mesmo vou pegar."
                        ],
                        "useCharacterFace":false,
                        "characterId":0
                      },
                      {
                        "jsonClass":"ShowText",
                        "lines":[
                          "É... o que isso quer dizer?"
                        ],
                        "useCharacterFace":true,
                        "characterId":0
                      },
                      {
                        "jsonClass":"ShakeScreen",
                        "xAmplitude":{
                          "jsonClass":"FloatParameter",
                          "constant":20.0,
                          "valueTypeId":0,
                          "localVariable":""
                        },
                        "yAmplitude":{
                          "jsonClass":"FloatParameter",
                          "constant":0.0,
                          "valueTypeId":0,
                          "localVariable":""
                        },
                        "frequency":{
                          "jsonClass":"FloatParameter",
                          "constant":4.0,
                          "valueTypeId":0,
                          "localVariable":""
                        },
                        "duration":{
                          "jsonClass":"FloatParameter",
                          "constant":0.8,
                          "valueTypeId":0,
                          "localVariable":""
                        }
                      },
                      {
                        "jsonClass":"StartBattle",
                        "encounterId":{
                          "jsonClass":"IntParameter",
                          "constant":6,
                          "valueTypeId":0,
                          "localVariable":"",
                          "globalVariable":""
                        }
                      }
                    ],
                    [
                      {
                        "jsonClass":"ShowText",
                        "lines":[
                          "Aí que é bom em!"
                        ],
                        "useCharacterFace":false,
                        "characterId":0
                      },
                      {
                        "jsonClass":"ShowText",
                        "lines":[
                          "Garoto, eu te amo. Toma aqui 20 conto pra tu comprar uma bala."
                        ],
                        "useCharacterFace":false,
                        "characterId":0
                      },
                      {
                        "jsonClass":"AddRemoveItem",
                        "add":false,
                        "itemId":{
                          "jsonClass":"IntParameter",
                          "constant":36,
                          "valueTypeId":0,
                          "localVariable":"",
                          "globalVariable":""
                        },
                        "quantity":{
                          "jsonClass":"IntParameter",
                          "constant":1,
                          "valueTypeId":0,
                          "localVariable":"",
                          "globalVariable":""
                        }
                      },
                      {
                        "jsonClass":"AddRemoveGold",
                        "add":true,
                        "quantity":{
                          "jsonClass":"IntParameter",
                          "constant":20,
                          "valueTypeId":0,
                          "localVariable":"",
                          "globalVariable":""
                        }
                      },
                      {
                        "jsonClass":"PlaySound",
                        "spec":{
                          "sound":"sys/opengameart-rpg-sound-pack/inventory/coin3.ogg",
                          "volume":1.0,
                          "pitch":1.0
                        }
                      },
                      {
                        "jsonClass":"ShowText",
                        "lines":[
                          "Você recebeu 20 conto."
                        ],
                        "useCharacterFace":false,
                        "characterId":0
                      }
                    ],
                    [
                      
                    ]
                  ],
                  "useCharacterFace":true,
                  "characterId":0
                }
              ],
              "elseCmds":[
                {
                  "jsonClass":"ShowText",
                  "lines":[
                    "É... Então... Eu trouxe... "
                  ],
                  "useCharacterFace":true,
                  "characterId":0
                },
                {
                  "jsonClass":"ShowText",
                  "lines":[
                    "Tu trouxe o vinho que eu pedi?"
                  ],
                  "useCharacterFace":false,
                  "characterId":0
                },
                {
                  "jsonClass":"ShowText",
                  "lines":[
                    "Isso, vinho, é eu trouxe vinho, tá aqui na minha mochila, vinho, isso mesmo!"
                  ],
                  "useCharacterFace":true,
                  "characterId":0
                },
                {
                  "jsonClass":"ShowText",
                  "lines":[
                    "..."
                  ],
                  "useCharacterFace":false,
                  "characterId":0
                },
                {
                  "jsonClass":"ShowText",
                  "lines":[
                    "Tá esperando o que? Me passa o vinho."
                  ],
                  "useCharacterFace":false,
                  "characterId":0
                },
                {
                  "jsonClass":"ShowText",
                  "lines":[
                    "(eu acho que eu não pensei isso direito)"
                  ],
                  "useCharacterFace":true,
                  "characterId":0
                },
                {
                  "jsonClass":"ShowText",
                  "lines":[
                    "Que foi, o rato mordeu sua lingua?"
                  ],
                  "useCharacterFace":false,
                  "characterId":0
                },
                {
                  "jsonClass":"ShowText",
                  "lines":[
                    "Então... Não tem vinho."
                  ],
                  "useCharacterFace":true,
                  "characterId":0
                },
                {
                  "jsonClass":"ShakeScreen",
                  "xAmplitude":{
                    "jsonClass":"FloatParameter",
                    "constant":20.0,
                    "valueTypeId":0,
                    "localVariable":""
                  },
                  "yAmplitude":{
                    "jsonClass":"FloatParameter",
                    "constant":0.0,
                    "valueTypeId":0,
                    "localVariable":""
                  },
                  "frequency":{
                    "jsonClass":"FloatParameter",
                    "constant":4.0,
                    "valueTypeId":0,
                    "localVariable":""
                  },
                  "duration":{
                    "jsonClass":"FloatParameter",
                    "constant":0.8,
                    "valueTypeId":0,
                    "localVariable":""
                  }
                },
                {
                  "jsonClass":"StartBattle",
                  "encounterId":{
                    "jsonClass":"IntParameter",
                    "constant":6,
                    "valueTypeId":0,
                    "localVariable":"",
                    "globalVariable":""
                  }
                }
              ]
            }
          ]
        },
        {
          "conditions":[
            
          ],
          "sprite":{
            "name":"sys/vx_chara03_f.png",
            "spriteIndex":0,
            "dir":0,
            "step":1
          },
          "height":1,
          "affixDirection":false,
          "trigger":1,
          "animationType":0,
          "runOnceThenIncrementState":false,
          "cmds":[
            {
              "jsonClass":"ShowText",
              "lines":[
                "Ai, sai daqui."
              ],
              "useCharacterFace":false,
              "characterId":0
            },
            {
              "jsonClass":"ShakeScreen",
              "xAmplitude":{
                "jsonClass":"FloatParameter",
                "constant":20.0,
                "valueTypeId":0,
                "localVariable":""
              },
              "yAmplitude":{
                "jsonClass":"FloatParameter",
                "constant":0.0,
                "valueTypeId":0,
                "localVariable":""
              },
              "frequency":{
                "jsonClass":"FloatParameter",
                "constant":4.0,
                "valueTypeId":0,
                "localVariable":""
              },
              "duration":{
                "jsonClass":"FloatParameter",
                "constant":0.8,
                "valueTypeId":0,
                "localVariable":""
              }
            },
            {
              "jsonClass":"StartBattle",
              "encounterId":{
                "jsonClass":"IntParameter",
                "constant":6,
                "valueTypeId":0,
                "localVariable":"",
                "globalVariable":""
              }
            }
          ]
        }
      ],
      "eventClassId":-1,
      "params":[
        
      ]
    },
    {
      "id":6,
      "name":"Event00006",
      "x":4.5,
      "y":5.5,
      "states":[
        {
          "conditions":[
            
          ],
          "height":0,
          "affixDirection":false,
          "trigger":1,
          "animationType":0,
          "runOnceThenIncrementState":true,
          "cmds":[
            {
              "jsonClass":"ShowText",
              "lines":[
                "Misericórdia que cheiro ruim."
              ],
              "useCharacterFace":true,
              "characterId":0
            }
          ]
        },
        {
          "conditions":[
            
          ],
          "height":0,
          "affixDirection":false,
          "trigger":1,
          "animationType":0,
          "runOnceThenIncrementState":false,
          "cmds":[
            {
              "jsonClass":"ShowText",
              "lines":[
                "Gorfei."
              ],
              "useCharacterFace":true,
              "characterId":0
            }
          ]
        }
      ],
      "eventClassId":-1,
      "params":[
        
      ]
    },
    {
      "id":9,
      "name":"Event00009",
      "x":16.5,
      "y":5.5,
      "states":[
        {
          "conditions":[
            
          ],
          "height":0,
          "affixDirection":false,
          "trigger":1,
          "animationType":0,
          "runOnceThenIncrementState":true,
          "cmds":[
            {
              "jsonClass":"ShowText",
              "lines":[
                "Brasa..."
              ],
              "useCharacterFace":true,
              "characterId":0
            },
            {
              "jsonClass":"ShowText",
              "lines":[
                "O que mais teria? Um pato?"
              ],
              "useCharacterFace":true,
              "characterId":0
            },
            {
              "jsonClass":"ShowText",
              "lines":[
                "Você não acha mais nada."
              ],
              "useCharacterFace":false,
              "characterId":0
            }
          ]
        },
        {
          "conditions":[
            
          ],
          "height":0,
          "affixDirection":false,
          "trigger":1,
          "animationType":0,
          "runOnceThenIncrementState":false,
          "cmds":[
            {
              "jsonClass":"ShowText",
              "lines":[
                "Só brasa."
              ],
              "useCharacterFace":true,
              "characterId":0
            }
          ]
        }
      ],
      "eventClassId":-1,
      "params":[
        
      ]
    },
    {
      "id":13,
      "name":"Event00013",
      "x":17.5,
      "y":11.5,
      "states":[
        {
          "conditions":[
            
          ],
          "height":0,
          "affixDirection":false,
          "trigger":1,
          "animationType":0,
          "runOnceThenIncrementState":true,
          "cmds":[
            {
              "jsonClass":"ShowText",
              "lines":[
                "Tem uns livros aqui..."
              ],
              "useCharacterFace":true,
              "characterId":0
            },
            {
              "jsonClass":"GetChoice",
              "question":[
                "Ler?"
              ],
              "choices":[
                "Sim",
                "Não"
              ],
              "allowCancel":false,
              "innerCmds":[
                [
                  {
                    "jsonClass":"ShowText",
                    "lines":[
                      "Você me odeia?"
                    ],
                    "useCharacterFace":true,
                    "characterId":0
                  },
                  {
                    "jsonClass":"ShowText",
                    "lines":[
                      "Você lê o livro..."
                    ],
                    "useCharacterFace":false,
                    "characterId":0
                  },
                  {
                    "jsonClass":"ShowText",
                    "lines":[
                      "Por mais que você não tenha entendido muito, você se sente um pouco mais inteligente."
                    ],
                    "useCharacterFace":false,
                    "characterId":0
                  }
                ],
                [
                  {
                    "jsonClass":"ShowText",
                    "lines":[
                      "Graças a deus, eu odeio livro."
                    ],
                    "useCharacterFace":true,
                    "characterId":0
                  }
                ],
                [
                  
                ]
              ],
              "useCharacterFace":false,
              "characterId":0
            }
          ]
        },
        {
          "conditions":[
            
          ],
          "height":0,
          "affixDirection":false,
          "trigger":1,
          "animationType":0,
          "runOnceThenIncrementState":false,
          "cmds":[
            {
              "jsonClass":"ShowText",
              "lines":[
                "Uma estante de livros com algumas garrafas de vinho vazias em cima."
              ],
              "useCharacterFace":false,
              "characterId":0
            }
          ]
        }
      ],
      "eventClassId":-1,
      "params":[
        
      ]
    },
    {
      "id":2,
      "name":"Event00002",
      "x":6.5,
      "y":4.5,
      "states":[
        {
          "conditions":[
            
          ],
          "height":2,
          "affixDirection":false,
          "trigger":1,
          "animationType":0,
          "runOnceThenIncrementState":false,
          "cmds":[
            {
              "jsonClass":"ShowText",
              "lines":[
                "Saber que um dia o rato possa sair e pegar um queijo..."
              ],
              "useCharacterFace":false,
              "characterId":0
            },
            {
              "jsonClass":"ShowText",
              "lines":[
                "Te enche de determinação!"
              ],
              "useCharacterFace":false,
              "characterId":0
            },
            {
              "jsonClass":"HealOrDamage",
              "heal":true,
              "wholeParty":true,
              "characterId":0,
              "hpPercentage":1.0,
              "mpPercentage":1.0,
              "removeStatusEffects":true
            },
            {
              "jsonClass":"CallSaveMenu"
            }
          ]
        }
      ],
      "eventClassId":-1,
      "params":[
        
      ]
    },
    {
      "id":12,
      "name":"Event00007",
      "x":10.5,
      "y":13.5,
      "states":[
        {
          "conditions":[
            
          ],
          "height":0,
          "affixDirection":false,
          "trigger":2,
          "animationType":0,
          "runOnceThenIncrementState":false,
          "cmds":[
            {
              "jsonClass":"Teleport",
              "loc":{
                "map":"Map000002.rpgmap",
                "x":31.5,
                "y":8.5
              },
              "transitionId":1
            }
          ]
        }
      ],
      "eventClassId":-1,
      "params":[
        
      ]
    },
    {
      "id":7,
      "name":"Event00007",
      "x":2.5,
      "y":5.5,
      "states":[
        {
          "conditions":[
            
          ],
          "height":0,
          "affixDirection":false,
          "trigger":1,
          "animationType":0,
          "runOnceThenIncrementState":true,
          "cmds":[
            {
              "jsonClass":"ShowText",
              "lines":[
                "Que item nada a ver..."
              ],
              "useCharacterFace":true,
              "characterId":0
            }
          ]
        },
        {
          "conditions":[
            
          ],
          "height":0,
          "affixDirection":false,
          "trigger":1,
          "animationType":0,
          "runOnceThenIncrementState":false,
          "cmds":[
            {
              "jsonClass":"ShowText",
              "lines":[
                "Nah, não tô com vontade de levar uma corda na mochila não."
              ],
              "useCharacterFace":true,
              "characterId":0
            }
          ]
        }
      ],
      "eventClassId":-1,
      "params":[
        
      ]
    },
    {
      "id":3,
      "name":"Event00003",
      "x":6.5,
      "y":12.5,
      "states":[
        {
          "conditions":[
            
          ],
          "height":0,
          "affixDirection":false,
          "trigger":1,
          "animationType":0,
          "runOnceThenIncrementState":true,
          "cmds":[
            {
              "jsonClass":"ShowText",
              "lines":[
                "Vários poemas jogados no chão."
              ],
              "useCharacterFace":false,
              "characterId":0
            },
            {
              "jsonClass":"ShowText",
              "lines":[
                "Nada de interessante."
              ],
              "useCharacterFace":true,
              "characterId":0
            }
          ]
        },
        {
          "conditions":[
            
          ],
          "height":0,
          "affixDirection":false,
          "trigger":1,
          "animationType":0,
          "runOnceThenIncrementState":true,
          "cmds":[
            {
              "jsonClass":"ShowText",
              "lines":[
                "Poetas são um pé no saco."
              ],
              "useCharacterFace":true,
              "characterId":0
            },
            {
              "jsonClass":"ShowText",
              "lines":[
                "Vou fingir que nem vi isso aqui, vai que o velho vem me mandar um improviso..."
              ],
              "useCharacterFace":true,
              "characterId":0
            }
          ]
        },
        {
          "conditions":[
            
          ],
          "height":0,
          "affixDirection":false,
          "trigger":1,
          "animationType":0,
          "runOnceThenIncrementState":false,
          "cmds":[
            {
              "jsonClass":"ShowText",
              "lines":[
                "Ele tem caligrafia de mulher kkkkkkkkkkkkkkkkkkkkkkkkkkkkkkkkkkkkkkkkkkkkkkkkkkkkkkkkkkkkkkkkkkkkkkkkkkkkkkkkkkkkkkkkkkkkkkkkkkkkkkkkkkkkkkkkkkkkkkkkkkkkkkkkkkkkkkkkkkkkkkkkkkkkkkkkkkkkkkkkkkkkkkkkkkkkkkkkkkkkkkkk"
              ],
              "useCharacterFace":true,
              "characterId":0
            }
          ]
        }
      ],
      "eventClassId":-1,
      "params":[
        
      ]
    },
    {
      "id":11,
      "name":"Event00007",
      "x":9.5,
      "y":13.5,
      "states":[
        {
          "conditions":[
            
          ],
          "height":0,
          "affixDirection":false,
          "trigger":2,
          "animationType":0,
          "runOnceThenIncrementState":false,
          "cmds":[
            {
              "jsonClass":"Teleport",
              "loc":{
                "map":"Map000002.rpgmap",
                "x":31.5,
                "y":8.5
              },
              "transitionId":1
            }
          ]
        }
      ],
      "eventClassId":-1,
      "params":[
        
      ]
    },
    {
      "id":8,
      "name":"Event00008",
      "x":13.5,
      "y":5.5,
      "states":[
        {
          "conditions":[
            
          ],
          "height":0,
          "affixDirection":false,
          "trigger":1,
          "animationType":0,
          "runOnceThenIncrementState":true,
          "cmds":[
            {
              "jsonClass":"ShowText",
              "lines":[
                "Tem uns prato... E umas garrafa."
              ],
              "useCharacterFace":true,
              "characterId":0
            }
          ]
        },
        {
          "conditions":[
            
          ],
          "height":0,
          "affixDirection":false,
          "trigger":1,
          "animationType":0,
          "runOnceThenIncrementState":false,
          "cmds":[
            {
              "jsonClass":"ShowText",
              "lines":[
                "Eu já tentei... As garrafas tão vazias."
              ],
              "useCharacterFace":true,
              "characterId":0
            }
          ]
        }
      ],
      "eventClassId":-1,
      "params":[
        
      ]
    },
    {
      "id":4,
      "name":"Event00004",
      "x":4.5,
      "y":12.5,
      "states":[
        {
          "conditions":[
            
          ],
          "height":0,
          "affixDirection":false,
          "trigger":1,
          "animationType":0,
          "runOnceThenIncrementState":true,
          "cmds":[
            {
              "jsonClass":"ShowText",
              "lines":[
                "Atchim!"
              ],
              "useCharacterFace":true,
              "characterId":0
            },
            {
              "jsonClass":"ShowText",
              "lines":[
                "Jesus cristo, quanto pó."
              ],
              "useCharacterFace":true,
              "characterId":0
            }
          ]
        },
        {
          "conditions":[
            
          ],
          "height":0,
          "affixDirection":false,
          "trigger":1,
          "animationType":0,
          "runOnceThenIncrementState":false,
          "cmds":[
            {
              "jsonClass":"ShowText",
              "lines":[
                "Dessa vez eu não vou dar uma fungada na mesa."
              ],
              "useCharacterFace":true,
              "characterId":0
            }
          ]
        }
      ],
      "eventClassId":-1,
      "params":[
        
      ]
    },
    {
      "id":15,
      "name":"Event00015",
      "x":12.5,
      "y":5.5,
      "states":[
        {
          "conditions":[
            
          ],
          "height":0,
          "affixDirection":false,
          "trigger":1,
          "animationType":0,
          "runOnceThenIncrementState":true,
          "cmds":[
            {
              "jsonClass":"ShowText",
              "lines":[
                "Tem uma garrafa e um copo de água."
              ],
              "useCharacterFace":true,
              "characterId":0
            },
            {
              "jsonClass":"ShowText",
              "lines":[
                "O copo é de água, a garrafa é de vinho mesmo. E ela tá vazia."
              ],
              "useCharacterFace":true,
              "characterId":0
            }
          ]
        },
        {
          "conditions":[
            
          ],
          "height":0,
          "affixDirection":false,
          "trigger":1,
          "animationType":0,
          "runOnceThenIncrementState":false,
          "cmds":[
            {
              "jsonClass":"ShowText",
              "lines":[
                "Nada de interessante."
              ],
              "useCharacterFace":true,
              "characterId":0
            }
          ]
        }
      ],
      "eventClassId":-1,
      "params":[
        
      ]
    }
  ]
}